{
  "version": "1.0.0",
  "webhook_path": "/govly/webhook",
  "filters": {
    "agencies": [
      "AFCENT",
      "AETC",
      "AFTAC",
      "USSF"
    ],
    "vehicles": [
      "SEWP",
      "2GIT",
      "CHESS"
    ],
    "keywords": [
      "AFCENT",
      "NetApp",
      "Cisco",
      "Nutanix",
      "Zero Trust",
      "storage",
      "SD-WAN"
    ]
  },
  "ingest": {
    "mode": "sync",
    "mcp_endpoint": "http://localhost:8080/tools/mcp",
    "supabase_url": "",
    "supabase_table": "rfqs",
    "field_mapping": {
      "id": "rfq_id",
      "title": "title",
      "agency": "agency",
      "vehicle": "vehicle",
      "close_date": "close_date",
      "description": "description"
    }
  },
  "security": {
    "signature_header": "X-Govly-Signature",
    "signature_alg": "HMAC-SHA256",
    "secret_env": "WEBHOOK_SECRET"
  }
}